INSERT INTO product (product_code, product_name, product_price, product_texture, product_season, product_gender, product_duration, product_brand, product_weight, product_description, product_likeCnt) VALUES
('1', '샤넬 No. 5', '180000', '액체', '가을', '남자', '퍼퓸(6~7)', '샤넬', '가벼움', '전통적이고 우아한 꽃향수', '609'),
('2', '디올 소바지', '150000', '액체', '겨울', '여자', '오드퍼퓸(4~6)', '디올', '가벼움', '남성적이고 강렬한 프레쉬 향', '19'),
('3', '빅토르 앤 롤프 플라워밤', '130000', '퍼퓸오일', '가을', '공통', '오드뚜왈렛(3~4)', '빅토르 앤 롤프', '무거움', '꽃향기와 달콤한 과일향의 조화', '520'),
('4', '구찌 블룸', '200000', '퍼퓸오일', '여름', '공통', '오드코롱(1~2)', '구찌', '가벼움', '섬세하고 우아한 꽃향수', '671'),
('5', '이브 생로랑 블랙 오피움', '140000', '퍼퓸오일', '봄', '공통', '오드뚜왈렛(3~4)', '이브 생로랑', '가벼움', '강렬하고 성공적인 여성을 상징하는 향수', '921'),
('6', '랑콤 라 비에 에 벨', '160000', '롤온', '가을', '공통', '퍼퓸(6~7)', '랑콤', '무거움', '매력적이고 섬세한 플로럴 향수', '419'),
('7', '캘빈 클라인 에터니티', '300000', '롤온', '여름', '여자', '퍼퓸(6~7)', '캘빈 클라인', '가벼움', '신선하고 클래식한 플로럴 향', '827'),
('8', '조르지오 아르마니 아쿠아 디 조', '120000', '고체', '가을', '공통', '오드코롱(1~2)', '조르지오 아르마니', '가벼움', '시원하고 감각적인 해양향', '959'),
('9', '돌체 앤 가바나 라이트 블루', '110000', '롤온', '가을', '남자', '퍼퓸(6~7)', '돌체 앤 가바나', '가벼움', '여름의 시원함과 청량함을 담은 향수', '283'),
('10', '티에리 뮤글러 앤젤', '130000', '고체', '겨울', '남자', '오드퍼퓸(4~6)', '티에리 뮤글러', '가벼움', '달콤하고 강렬한 오리엔탈 향', '839'),
('11', '크리드 아벤투스', '90000', '액체', '겨울', '남자', '오드코롱(1~2)', '크리드', '무거움', '과일과 숲속의 향기가 어우러진 향수', '102'),
('12', '마크 제이콥스 데이지', '150000', '고체', '가을', '공통', '오드코롱(1~2)', '마크 제이콥스', '가벼움', '신선하고 깨끗한 꽃향수', '4'),
('13', '톰 포드 블랙 오키드', '140000', '퍼퓸오일', '봄', '공통', '오드코롱(1~2)', '톰 포드', '무거움', '고혹적이고 짙은 플로럴 향', '680'),
('14', '프라다 캔디', '180000', '고체', '가을', '공통', '오드퍼퓸(4~6)', '프라다', '가벼움', '달콤하고 여성스러운 오리엔탈 플로럴 향', '71'),
('15', '조 말론 런던 잉글리쉬 페어 앤 프리지아', '170000', '액체', '가을', '남자', '퍼퓸(6~7)', '조 말론', '가벼움', '상큼하고 싱그러운 과일과 꽃의 조화', '644'),
('16', '베르사체 브라이트 크리스탈', '130000', '퍼퓸오일', '가을', '남자', '오드퍼퓸(4~6)', '베르사체', '가벼움', '섬세하고 청량한 꽃과 과일의 조화', '675'),
('17', '파코 라반 1 밀리언', '200000', '롤온', '여름', '남자', '오드퍼퓸(4~6)', '파코 라반', '가벼움', '섹시하고 강렬한 오리엔탈 향수', '566'),
('18', '에르메스 테르 드 에르메스', '120000', '롤온', '겨울', '여자', '오드퍼퓸(4~6)', '에르메스', '가벼움', '세련된 가을향과 목련의 조화', '14'),
('19', '버버리 브릿', '140000', '고체', '여름', '남자', '퍼퓸(6~7)', '버버리', '가벼움', '클래식하고 시원한 프레쉬 향수', '740'),
('20', '지방시 랑터딧', '160000', '고체', '가을', '남자', '퍼퓸(6~7)', '지방시', '가벼움', '우아하고 매혹적인 플로럴 향', '272'),
('21', '랄프 로렌 폴로 블루', '150000', '고체', '겨울', '여자', '퍼퓸(6~7)', '랄프 로렌', '가벼움', '시원하고 편안한 우디 프레쉬 향', '639'),
('22', '엘리자베스 아덴 레드 도어', '320000', '롤온', '가을', '남자', '퍼퓸(6~7)', '엘리자베스', '가벼움', '고귀하고 우아한 플로럴 향', '627'),
('23', '나르시소 로드리게즈 포 허', '280000', '고체', '겨울', '여자', '오드코롱(1~2)', '나르시소 로드리게즈', '무거움', '감각적이고 섹시한 머스크 향', '910'),
('24', '빅토르 앤 롤프 스파이스밤', '170000', '롤온', '봄', '여자', '오드퍼퓸(4~6)', '빅토르 앤 롤프', '무거움', '달콤하고 짙은 스파이스 향', '646'),
('25', '이브 생로랑 몽 파리', '150000', '액체', '가을', '공통', '오드퍼퓸(4~6)', '이브 생로랑', '무거움', '여성스러우면서도 매혹적인 오리엔탈 향', '684'),
('26', '카롤리나 헤레라 굿 걸', '190000', '고체', '여름', '공통', '퍼퓸(6~7)', '카롤리나 헤레라', '가벼움', '자신감 넘치고 섹시한 오리엔탈 향', '367'),
('27', '샤넬 코코 마드모아젤', '270000', '롤온', '겨울', '공통', '퍼퓸(6~7)', '샤넬', '가벼움', '우아하고 감각적인 오리엔탈 향', '118'),
('28', '겔랑 샬리마', '160000', '고체', '가을', '공통', '오드코롱(1~2)', '겔랑', '무거움', '고혹적이고 우아한 오리엔탈 향', '742'),
('29', '톰 포드 우드 우드', '170000', '퍼퓸오일', '여름', '남자', '오드코롱(1~2)', '조르지오 아르마니', '무거움', '진한 우디 향과 감각적인 오리엔탈 향의 조화', '127'),
('30', '돌체 앤 가바나 더 원', '310000', '퍼퓸오일', '가을', '남자', '퍼퓸(6~7)', '돌체 앤 가바나', '가벼움', '섬세하고 고급스러운 오리엔탈 향', '431'),
('31', '장 폴 고티에르 르 말', '200000', '고체', '가을', '남자', '퍼퓸(6~7)', '장 폴 고티에', '가벼움', '강렬하고 남성적인 우디 오리엔탈 향', '5'),
('32', '이세이 미야케 L\'오 드 이세', '330000', '고체', '겨울', '여자', '오드뚜왈렛(3~4)', '이세이 미야케', '가벼움', '신선하고 맑은 프레쉬 플로럴 향', '221'),
('33', '캘빈 클라인 CK 원', '150000', '고체', '여름', '여자', '오드코롱(1~2)', '캘빈 클라인', '가벼움', '시원하고 깨끗한 싱그러운 프레쉬 향', '462'),
('34', '지방시 아마리지', '180000', '액체', '여름', '남자', '오드코롱(1~2)', '지방시', '무거움', '여성스러우면서도 세련된 프레쉬 플로럴 향', '290'),
('35', '지미 추 오 드 파르펑', '200000', '롤온', '가을', '공통', '오드뚜왈렛(3~4)', '지미 추', '무거움', '섹시하고 감각적인 오리엔탈 향', '298'),
('36', '불가리 오미니아 크리스탈린', '350000', '액체', '가을', '공통', '퍼퓸(6~7)', '불가리', '무거움', '맑고 청량한 프레쉬 플로럴 향', '524'),
('37', '클로에 오 드 파르페', '280000', '롤온', '겨울', '남자', '퍼퓸(6~7)', '클로에', '무거움', '상쾌하고 깨끗한 프레쉬 플로럴 향', '143'),
('38', '마이클 코어스 섹시 앰버', '130000', '롤온', '봄', '공통', '오드코롱(1~2)', '마이클 코어스', '가벼움', '달콤하고 섹시한 오리엔탈 향', '126'),
('39', '빅토르 앤 롤프 봉봉', '110000', '롤온', '가을', '여자', '오드뚜왈렛(3~4)', '빅토르 앤 롤프', '무거움', '달콤하고 매혹적인 과일과 꽃의 조화', '501'),
('40', '아르마니 코드', '120000', '액체', '여름', '남자', '퍼퓸(6~7)', '조르지오 아르마니', '가벼움', '우아하고 성공적인 남성을 위한 우디 오리엔탈 향', '816'),
('41', '디올 자도르', '320000', '퍼퓸오일', '가을', '여자', '오드뚜왈렛(3~4)', '디올', '가벼움', '신선하고 시원한 프레쉬 플로럴 향', '618'),
('42', '조 말론 런던 우드 세이지 & 해 솔트', '180000', '액체', '가을', '여자', '오드퍼퓸(4~6)', '조 말론', '가벼움', '신선하고 자연적인 우디 향과 허브의 조화', '364'),
('43', '샤넬 찬스', '300000', '퍼퓸오일', '봄', '남자', '퍼퓸(6~7)', '샤넬', '무거움', '섬세하고 매혹적인 오리엘 향', '571'),
('44', '파코 라반 레이디 밀리언', '170000', '액체', '봄', '여자', '오드코롱(1~2)', '파코 라 반', '가벼움', '자신감 넘치고 고혹적인 오리엔탈 향', '186'),
('45', '랑방 에끌라 드 아르페쥬', '250000', '퍼퓸오일', '여름', '남자', '오드뚜왈렛(3~4)', '랑방', '가벼움', '고급스럽고 감각적인 프레쉬 플로럴 향', '937'),
('46', '구찌 바이 강', '280000', '고체', '가을', '공통', '퍼퓸(6~7)', '구찌', '가벼움', '고혹적이고 우아한 오리엔탈 향', '899'),
('47', '메종 프란시스 커진 바카라 루즈의 천사', '170000', '고체', '여름', '남자', '오드코롱(1~2)', '메종 프란시스 커진', '가벼움', '매혹적이고 감각적인 오리엔탈 향', '276'),
('48', '끌레르 간토 도', '160000', '액체', '겨울', '여자', '오드퍼퓸(4~6)', '끌레르', '가벼움', '신선하고 맑은 프레쉬 플로럴 향', '364'),
('49', '마크 제이콥스 디시드 오 데 퍼퓸', '150000', '액체', '봄', '여자', '오드뚜왈렛(3~4)', '마크 제이콥스', '가벼움', '상쾌하고 매력적인 프레쉬 플로럴 향', '822'),
('50', '조르지오 아르마니 시 피올라', '140000', '액체', '여름', '공통', '오드코롱(1~2)', '조르지오 아르마니', '가벼움', '감각적이고 세련된 프레쉬 플로럴 향', '211');


INSERT INTO ingredient (ingredient_code, ingredient_name) VALUES
('1', '베르가못'),
('2', '라벤더'),
('3', '일랑일랑'),
('4', '자스민'),
('5', '로즈'),
('6', '샌달우드'),
('7', '파출리'),
('8', '머스크'),
('9', '바닐라'),
('10', '앰버'),
('11', '사이프러스'),
('12', '프랭킨센스 (유향)'),
('13', '클로브'),
('14', '오렌지 블로썸'),
('15', '레몬'),
('16', '자몽'),
('17', '네롤리'),
('18', '페퍼민트'),
('19', '시더우드'),
('20', '티트리'),
('21', '제라늄'),
('22', '카다멈'),
('23', '시나몬'),
('24', '카모마일'),
('25', '바이올렛 리프'),
('26', '로즈마리'),
('27', '페퍼 (후추)'),
('28', '토너 빈'),
('29', '베티버'),
('30', '오크모스'),
('31', '메이 체리'),
('32', '만다린'),
('33', '미모사'),
('34', '올리브 블로썸'),
('35', '튜베로즈'),
('36', '히아신스'),
('37', '오스만서스 (금목서)'),
('38', '프리지아'),
('39', '헬리오트로프'),
('40', '카르다몬'),
('41', '피오니 (작약)'),
('42', '마린 노트'),
('43', '핑크 페퍼'),
('44', '카스티리안 시브릿 (비버향)'),
('45', '샤프란'),
('46', '암브레트'),
('47', '블랙 커런트'),
('48', '리치'),
('49', '구아야크 우드'),
('50', '하이티안 베티버');


INSERT INTO product_ingredient (product_ingredient_code, product_ingredient_ingredientNote, product_code, ingredient_code) VALUES
('1', 'TOP', '1', '1'),
('2', 'MIDDLE', '5', '11'),
('3', 'MIDDLE', '7', '3'),
('4', 'TOP', '4', '4'),
('5', 'MIDDLE', '2', '2'),
('6', 'BASE', '6', '8'),
('7', 'TOP', '9', '24'),
('8', 'BASE', '8', '6'),
('9', 'TOP', '10', '5'),
('10', 'BASE', '3', '7'),
('11', 'TOP', '11', '1'),
('12', 'MIDDLE', '11', '10'),
('13', 'BASE', '11', '3');


INSERT INTO members_grade (members_grade_code, members_grade_name, members_grade_pointCriteria) VALUES
('1', '향린이', '0'),
('2', '향소년', '70'),
('3', '향고수', '500');


INSERT INTO category (category_code, category_type) VALUES
('1', '플로럴'),
('2', '프루티'),
('3', '그린'),
('4', '오셔닉'),
('5', '아쿠아'),
('6', '시트러스'),
('7', '구르망'),
('8', '타바코'),
('9', '우디'),
('10', '스파이시'),
('11', '오리엔탈'),
('12', '머스크'),
('13', '시프레');


INSERT INTO product_category (product_category_code, product_code, category_code) VALUES
('1', '11', '2'),
('2', '11', '9'),
('3', '11', '6');


INSERT INTO product_photo (product_photo_code, product_photo_url, product_code) VALUES
('1', 'https://example.com/chanel_no_5.jpg', '1'),
('2', 'https://example.com/dior_jadore.jpg', '2'),
('3', 'https://example.com/gucci_bloom.jpg', '3'),
('4', 'https://example.com/tom_ford_black_orchid.jpg', '4'),
('5', 'https://example.com/ysl_black_opium.jpg', '5'),
('6', 'https://example.com/jo_malone_peony_blush_suede.jpg', '6'),
('7', 'https://example.com/creed_aventus.jpg', '7'),
('8', 'https://example.com/versace_bright_crystal.jpg', '8'),
('9', 'https://example.com/marc_jacobs_daisy.jpg', '9'),
('10', 'https://example.com/giorgio_armani_si.jpg', '10'),
('11', 'https://example.com/ck_one.jpg', '11'),
('12', 'https://example.com/lancome_la_vie_est_belle.jpg', '12'),
('13', 'https://example.com/burberry_her.jpg', '13'),
('14', 'https://example.com/viktor_rolf_flowerbomb.jpg', '14'),
('15', 'https://example.com/chanel_chance.jpg', '15'),
('16', 'https://example.com/lady_million.jpg', '16'),
('17', 'https://example.com/terre_dhermes.jpg', '17'),
('18', 'https://example.com/dolce_gabbana_light_blue.jpg', '18'),
('19', 'https://example.com/prada_candy.jpg', '19'),
('20', 'https://example.com/thierry_mugler_alien.jpg', '20'),
('21', 'https://example.com/estee_lauder_beautiful.jpg', '21'),
('22', 'https://example.com/maison_francis_kurkdjian_baccarat_rouge_540.jpg', '22'),
('23', 'https://example.com/tom_ford_tobacco_vanille.jpg', '23'),
('24', 'https://example.com/guerlain_shalimar.jpg', '24'),
('25', 'https://example.com/jp_gaultier_scandal.jpg', '25'),
('26', 'https://example.com/dior_sauvage.jpg', '26'),
('27', 'https://example.com/byredo_gypsy_water.jpg', '27'),
('28', 'https://example.com/jo_malone_english_pear_freesia.jpg', '28'),
('29', 'https://example.com/ysl_libre.jpg', '29'),
('30', 'https://example.com/creed_green_irish_tweed.jpg', '30'),
('31', 'https://example.com/acqua_di_parma_colonia.jpg', '31'),
('32', 'https://example.com/bond_no_9_new_york.jpg', '32'),
('33', 'https://example.com/narciso_rodriguez_for_her.jpg', '33'),
('34', 'https://example.com/cartier_la_panthere.jpg', '34'),
('35', 'https://example.com/montale_black_aoud.jpg', '35'),
('36', 'https://example.com/amouage_interlude.jpg', '36'),
('37', 'https://example.com/le_labo_santal_33.jpg', '37'),
('38', 'https://example.com/chloe_eau_de_parfum.jpg', '38'),
('39', 'https://example.com/issey_miyake_leau_dissey.jpg', '39'),
('40', 'https://example.com/armani_acqua_di_gio.jpg', '40'),
('41', 'https://example.com/tom_ford_oud_wood.jpg', '41'),
('42', 'https://example.com/diptyque_philosykos.jpg', '42'),
('43', 'https://example.com/penhaligons_halfeti.jpg', '43'),
('44', 'https://example.com/maison_margiela_replica_by_the_fireplace.jpg', '44'),
('45', 'https://example.com/mancera_cedrat_boise.jpg', '45'),
('46', 'https://example.com/guerlain_mon_guerlain.jpg', '46'),
('47', 'https://example.com/atelier_cologne_orange_sanguine.jpg', '47'),
('48', 'https://example.com/comme_des_garcons_wonderwood.jpg', '48'),
('49', 'https://example.com/lalique_encre_noire.jpg', '49'),
('50', 'https://example.com/bvlgari_omnia_crystalline.jpg', '50');



INSERT INTO members (members_code, members_email, members_name, members_ageRange, members_gender, members_phoneNumber, members_password, members_date, members_expCert, members_infoDis, members_withdrawalDate, members_gradePoint, members_couponPoint, members_status, members_couponPointCnt, members_grade_code, members_declarationCnt, members_nickname) VALUES
('1', 'test1@naver.com', '남예준', '20', '남성', '01038472937', 'skadPwns', '2023-02-10', NULL, '공개', NULL, '510', '150', '정상', '5', '3', '0', '예쭈닝'),
('2', 'test2@gmail.com', '전도연', '50', '여성', '01037461254', 'wjsehdus', '2023-10-01', NULL, '공개', NULL, '30', '30', '정상', '0', '1', '0', '향수러버'),
('3', 'test3@naver.com', '김지원', '30', '여성', '01098124756', 'rlawldnjs', '2023-12-25', NULL, '비공개', '2024-07-01', '130', '100', '탈퇴', '1', '2', '1', '지워니'),
('4', 'test4@naver.com', '예슈화', '20', '여성', '01039204954', 'dPtbghk', '2024-01-01', '향수업체직원', '공개', NULL, '241', '211', '정상', '0', '2', '0', '짱구'),
('5', 'test5@naver.com', '이성민', '40', '남성', '01093400054', 'dltjdals', '2024-02-17', '조향사', '비공개', NULL, '55', '25', '정상', '1', '1', '1', '아저씨'),
('6', 'test6@naver.com', '이제훈', '30', '남성', '01029384756', 'dlwpgns', '2024-02-20', NULL, '비공개', '2024-06-29', '0', '0', '강퇴', '2', '1', '3', '주책바가지'),
('7', 'test7@naver.com', '한지민', '30', '여성', '01093001112', 'gkswlals', '2024-03-28', '향수업체직원', '공개', NULL, '500', '350', '정상', '2', '2', '0', '여신짐니'),
('8', 'test8@naver.com', '이재욱', '20', '남성', '01021341209', 'dlwodnr', '2024-04-14', NULL, '공개', NULL, '620', '230', '정상', '2', '3', '1', '그냥사람'),
('9', 'test9@naver.com', '한노아', '20', '남성', '01093010134', 'gksshdk', '2024-05-12', NULL, '공개', '2024-06-20', '35', '5', '탈퇴', '1', '1', '0', '한놔'),
('10', 'test10@naver.com', '박소이', '10', '여성', '01091841264', 'qkrthdl', '2023-05-14', NULL, '공개', NULL, '530', '350', '정상', '4', '3', '2', '쏘이'),
('11', 'test11@naver.com', '채봉구', '20', '남성', '01015656668', 'qkrthdl1', '2024-05-15', NULL, '공개', NULL, '500', '410', '정상', '3', '3', '0', '회원1'),
('12', 'test12@naver.com', '도은호', '20', '남성', '01013549426', 'qkrthdl2', '2024-05-16', NULL, '공개', NULL, '500', '440', '정상', '2', '3', '0', '회원2'),
('13', 'test13@naver.com', '유하민', '20', '남성', '01068456245', 'qkrthdl3', '2024-05-17', NULL, '공개', NULL, '500', '440', '정상', '2', '3', '0', '회원3'),
('14', 'test14@naver.com', '김미현', '30', '여성', '01046384661', 'qkrthdl4', '2024-05-18', NULL, '공개', NULL, '500', '470', '정상', '1', '3', '0', '회원4'),
('15', 'test15@naver.com', '안유진', '20', '여성', '01076591358', 'qkrthdl5', '2024-05-19', NULL, '공개', NULL, '70', '40', '정상', '1', '2', '0', '회원5'),
('16', 'test16@naver.com', '라미란', '40', '여성', '01025465495', 'qkrthdl6', '2024-05-20', NULL, '공개', NULL, '50', '20', '정상', '1', '1', '0', '회원6');


INSERT INTO review (review_code, review_content, review_duration, review_season, review_similarity, review_likeCount, product_code, members_code) VALUES
('1', '예상한대로 향이 좋아요 ', '오래가요', '겨울', '만족', '14', '21', '5'),
('2', '제가 정말 좋아하는 향수입니다!', '비슷해요', '여름', '만족', '29', '40', '8'),
('3', '딱 이름같은 향이에요 ', '비슷해요', '봄', '보통', '22', '24', '6'),
('4', '종종 생각나서 그때마다 뿌리는 향', '오래가요', '겨울', '만족', '6', '23', '6'),
('5', '생각보다 잔향이 길지 않아서 아쉬워요', '오래가요', '봄', '만족', '2', '44', '3'),
('6', '양은 적은데 가격은 비싼 편', '비슷해요', '여름', '보통', '11', '34', '2'),
('7', '제 최애 향수에요 ㅠㅠ 맨날 뿌리고 다님', '생각보다 짧아요', '겨울', '만족', '2', '37', '1'),
('8', '선물하기 좋은 향수! 선물하실 분들께 추천드려용', '비슷해요', '여름', '보통', '5', '40', '10'),
('9', '부모님께 선물드렸어요 좋아하시니 기분이 조아용', '비슷해요', '봄', '만족', '3', '24', '9'),
('10', '디자인이 이뻐요 ', '오래가요', '여름', '보통', '6', '40', '9'),
('11', '아침에 뿌리고 나오면 기분 좋음', '비슷해요', '봄', '만족', '5', '24', '7'),
('12', '생각보다 너무 코가 아픔 ....', '생각보다 짧아요', '가을', '아쉬워요', '10', '25', '7'),
('13', '향이 금방 날라가서 아쉬워요 ㅠ', '비슷해요', '가을', '보통', '7', '25', '10'),
('14', '완전 제 취향!', '생각보다 짧아요', '겨울', '만족', '9', '25', '2'),
('15', ' 중성적인 향이라 동생이랑 같이 뿌려요', '비슷해요', '가을', '만족', '23', '25', '3'),
('16', ' 처음에 살짝 코를 찌르기는 한데 나쁘지 않음', '비슷해요', '봄', '보통', '2', '38', '4'),
('17', ' 좀 더 용량 큰거 팔면 좋겠어요', '비슷해요', '봄', '만족', '4', '38', '5'),
('18', '은은한거 좋아하시면 추천이요', '오래가요', '가을', '아쉬워요', '12', '25', '6'),
('19', '선물로 받은 향수인데 너무 좋아요 ', '생각보다 짧아요', '가을', '만족', '7', '25', '2'),
('20', '생각했던 향과 다르네요 .... 아쉬워요', '생각보다 짧아요', '여름', '아쉬워요', '5', '17', '1');



INSERT INTO post (post_code, post_title, post_content, post_date, post_category, post_like, report_count, report_complete, members_code) VALUES
('1', '20대 여자 향수 5개 추천해요!', '안녕하세요. 오늘은 20대 향수 10개 추천해드릴게요! 1. 메모 인레, 2. 지미추 블로썸, 3. 랑방 메리미, 4. 조말론 잉글리쉬페어프리지아, 5. 아이젠버그 러프어페어. 이렇게 5개 추천합니다 ㅎㅎ', '2024-06-05', '추천', '32', '0', 'N', '1'),
('2', '혹시 디올 팝업 가시는 분 계신가요?', '혹시 다음주에 디올 팝업가시는 분 계실까요?? 제가 혼자 갈 것 같아서 ㅠㅠㅠ 같이 갈 사람 있으면 좋을 것 같아요! 댓 달아주세요 ㅎㅎ', '2024-06-07', '자유', '122', '0', 'N','8'),
('3', '10만원대 향수 추천해주세요', '안녕하세요! 10만원 대 향수 괜찮은거 추천해주세요.', '2024-06-14', '질문', '45', '0', 'N','2'),
('4', '다들 향수 몇개 정도 쓰시나요??', '저는 현재 2개 정도 돌려가면서 쓰고 있는 것 같은데 다들 향수 몇 개 쓰시나요..?', '2024-06-15', '자유', '23', '0', 'N','3'),
('5', '남자 향수 추천 순위 TOP 5', '남자 향수 5가지 추천 드릴게요. 1. 크리드 어벤투스, 2. 몽블랑 스타워커, 3. 조말론 블랙베리 엔 베리, 4. 샤넬 블루 드 맨 오드 퍼퓸, 5. 로에 화이트 셔츠. 5개 남자분들한테 추천 드립니다.', '2024-06-15', '추천', '70', '0', 'N','5'),
('6', '향수 너무 빨리 닳는거 같아요...', '산지 얼마 안된 것 같은데 벌써 다 써가네요..', '2024-06-17', '자유', '1', '0', 'N','3'),
('7', '선물할 향수 추천해주세요', '이번에 친구가 생일이라서.. 향수를 선물하려고 하는데 괜찮은거 있을까요???', '2024-06-22', '질문', '66', '0', 'N','2'),
('8', '집가고 싶어요..', '점심 맛있게 먹고 왔는데.. 팀장님이 외근나가자고 하시네요.. 저는 오늘 집 못갈 것 같아요 ㅠㅠㅠ 다들 몇시에 퇴근하시나요?', '2024-06-29', '자유', '3', '1', 'N','4'),
('9', '이 향수 다들 아시나요? 너무 좋네요', '다니엘트루스 밤쉘 너무 좋더라구요,, 추천합니다!', '2024-06-30', '추천', '4', '0', 'N','3'),
('10', '여름 향수 뭐가 좋을까요?', '아쿠아 디 파르마 써볼까 생각중인데 혹시 비슷한 향수 뭐가 있을까요??', '2024-07-01', '질문', '5', '0', 'N','1');



INSERT INTO comments (comments_code, comments_content, comments_date, comments_likeCount, post_code, parent_comments_code, members_code) VALUES
('1', '우왕 감사합니다!!', '2024-06-06', '2', '1', NULL, '10'),
('2', '저 두번째 제품 제일 좋아해요ㅜㅜ', '2024-06-06', '5', '1', NULL, '2'),
('3', '맞아요! 저도 저거 좋아해요', '2024-06-06', '4', '1', '1', '5'),
('4', '마지막 제품 제 최애입니당', '2024-06-06', '10', '1', NULL, '6'),
('5', '세번째꺼 향기 너무 좋더라구요!', '2024-06-06', '12', '1', NULL, '1'),
('6', '저 가요!!', '2024-06-07', '0', '2', NULL, '4'),
('7', '헐 같이 가실래요??', '2024-06-08', '1', '2', '1', '8'),
('8', '저는 계절별로 해서 4개 써요~!', '2024-06-17', '5', '4', NULL, '6'),
('9', '메모 향수 많이 씁니다ㅎㅎ', '2024-06-17', '20', '4', '1', '6'),
('10', '저는 지금은 2개요!', '2024-06-17', '2', '4', NULL, '10');



INSERT INTO hashtag (hashtag_code, hashtag_name) VALUES
('1', '시향'),
('2', '선물'),
('3', '잔향'),
('4', '추천해요'),
('5', '좋아요'),
('6', '입문용'),
('7', '시트러스'),
('8', '지속력최고'),
('9', '플로럴'),
('10', '20대');


INSERT INTO review_hashtag (review_hashtag_code, review_code, hashtag_code) VALUES
('1', '3', '1'),
('2', '3', '2'),
('3', '10', '1'),
('4', '4', '3'),
('5', '4', '5');


INSERT INTO post_hashtag (post_hashtag_code, post_code, hashtag_code) VALUES
('1', '2', '4'),
('2', '3', '4'),
('3', '2', '1'),
('4', '2', '5'),
('5', '8', '2');


INSERT INTO admin (admin_code, admin_name, admin_id, admin_pw, admin_deleteStatus) VALUES
('1', '최고관리자', 'superadmin', 'superadmin', 'N'),
('2', '관리자', 'admin', 'admin', 'N'),
('3', '신입관리자', 'newadmin', 'newadmin', 'N');


INSERT INTO reason VALUES 
(1, '출석', 1),
(2, '게시글작성', 10),
(3, '리뷰작성', 10),
(4, '댓글작성', 5),
(5, '신고처리완료', -50),
(6, '응모권구매', -30),
(7, '게시글삭제', -10),
(8, '리뷰삭제', -10),
(9, '댓글삭제', -5),
(10, '일주일미출석', -2);


INSERT INTO grade_point
VALUES (1, 10, 510, '2024-06-01 00:00:00', 2, 1),
(2, 10, 90, '2024-06-02 00:00:00', 2, 2),
(3, 10, 241, '2024-06-03 00:00:00', 2, 4),
(4, 10, 55, '2024-06-04 00:00:00', 2, 5),
(5, 10, 500, '2024-06-05 00:00:00', 2, 7),
(6, 10, 620, '2024-06-06 00:00:00', 2, 8),
(7, 10, 530, '2024-06-07 00:00:00', 2, 10),
(8, 10, 500, '2024-06-08 00:00:00', 2, 11),
(9, 10, 500, '2024-06-09 00:00:00', 2, 12),
(10, 10, 500, '2024-06-10 00:00:00', 2, 13),
(11, 10, 500, '2024-06-11 00:00:00', 2, 14),
(12, 10, 70, '2024-06-12 00:00:00', 2, 15),
(13, 10, 50, '2024-06-13 00:00:00', 2, 16);


INSERT INTO coupon_point
VALUES (1, -30, 480, NOW(), 6, 1),
(NULL, -30, 450, NOW(), 6, 1),
(NULL, -30, 420, NOW(), 6, 1),
(NULL, -30, 390, NOW(), 6, 1),
(NULL, -30, 360, NOW(), 6, 1),
(NULL, -30, 25, NOW(), 6, 5),
(NULL, -30, 380, NOW(), 6, 7),
(NULL, -30, 350, NOW(), 6, 7),
(NULL, -30, 260, NOW(), 6, 8),
(NULL, -30, 230, NOW(), 6, 8),
(NULL, -30, 500, NOW(), 6, 10),
(NULL, -30, 470, NOW(), 6, 10),
(NULL, -30, 440, NOW(), 6, 10),
(NULL, -30, 410, NOW(), 6, 10),
(NULL, -30, 410, NOW(), 6, 11),
(NULL, -30, 380, NOW(), 6, 11),
(NULL, -30, 350, NOW(), 6, 11),
(NULL, -30, 470, NOW(), 6, 12),
(NULL, -30, 440, NOW(), 6, 12),
(NULL, -30, 470, NOW(), 6, 13),
(NULL, -30, 440, NOW(), 6, 13),
(NULL, -30, 470, NOW(), 6, 14),
(NULL, -30, 40, NOW(), 6, 15),
(NULL, -30, 20, NOW(), 6, 16),
(NULL, 10, 90, NOW(), 2, 2),
(NULL, 10, 211, NOW(), 2, 4);